도로명주소,위도,경도,구분,이름
신부로4길 40,34.8652342642,128.7321337324,0,총명사
가조면 의상봉길 1049,35.7455609688,128.0392654362,0,고견사
고제면 용초길 310-428,35.878177215,127.8546599564,0,금봉암
남상면 연수사길 115-103,35.5975857741,127.919222848,0,연수사
북상면 송계사길 321,35.8348055863,127.7967856679,0,송계사
개천면 연화산1로 471-9,35.0808491023,128.2620792218,0,옥천사
거류면 신용9길 295,34.9836747812,128.3907825132,0,장의사
상리면 무선2길 808,34.9792473094,128.2117565464,0,문수암
영현면 대법3길 236,35.052958971,128.2241564498,0,계승사
하이면 와룡2길 248-28,34.9586322637,128.1534927,0,운흥사
대동면 대동로529번길 83,35.2500251591,128.9739665154,0,원명사
신어산길 169,35.2693820579,128.9101011518,0,영구암
신어산길 167,35.265714319,128.9121116414,0,은하사
활천로 121-57,35.2384186923,128.8942114601,0,성조암
상동면 여차로471번안길 16-133,35.3478323863,128.8740762225,0,백운암
생림면 마사로 36-228,35.3495574961,128.8614662646,0,모은암
생림면 마사로229번길 58-175,35.3554291954,128.8306889263,0,구천암
가야로405번안길 210-162,35.2461066937,128.8925458748,0,해은사
전하로 269-74,35.2261444931,128.8701896372,0,흥부암
대청계곡길 170-563,35.1956788659,128.7554274791,0,선지사
고현면 화방사길 128-6,34.8646173411,127.8638779308,0,화방사
남해읍 망운로10번길 45-10,34.8426683506,127.8916702003,0,망운사
상주면 보리암로 665,34.7538486517,127.9829945558,0,보리암
이동면 용문사길 166-11,34.7881110618,127.9231301966,0,용문사
창선면 창선로153번길 240,34.8672379563,127.9906000642,0,운대암
마산합포구 진북면 의림로 382,35.1384600692,128.4400149403,0,의림사
마산합포구 몽고정길 46,35.2065011387,128.5721895374,0,정법사
마산합포구 성호서7길 46,35.2073091314,128.5688039543,0,광산사
영남루1길 16-11,35.4917709369,128.7564146595,0,무봉사
단장면 표충로 1338,35.5322607166,128.9590441545,0,표충사
무안면 동부동안길 4,35.4715061793,128.6520375519,0,홍제사
무안면 무안서로 163-158,35.4671753731,128.6064394407,0,대법사
산내면 원서3길 167,35.6158823761,128.9274628757,0,만어사
삼랑진읍 천태로 451-94,35.4108876891,128.8847550816,0,부은사
곤명면 다솔사길 417,35.0831807599,127.9200593084,0,백천사
산청읍 웅석봉로 495,35.3841678101,127.8696982461,0,심적사
산청읍 웅석봉로 396,35.387240879,127.8768888769,0,지곡사
산청읍 꽃봉산로133번길 15,35.413576316,127.8795466722,0,대원사
시천면 지리산대로 320-292,35.3275573466,127.7359640107,0,법계사
신등면 둔철산로 675-87,35.3891180997,127.9746787335,0,정취암
신등면 율곡사길 182,35.4161829986,127.9673483493,0,율곡사
삼장면 대하내원로 256,35.3002766666,127.8100180541,0,내원사
물금읍 원동로 199-133,35.3163014543,128.9747175068,0,용화사 
상북면 천성산길 727-82,35.395903423,129.1033801246,0,원효암
상북면 홍룡로 372,35.3969996748,129.0864871696,0,홍룡사
주진로 379-61,35.4047968398,129.1311511377,0,미타암
원동면 원동로 2282-111,35.4260627088,128.9514659901,0,신흥사
중앙우회로 66-64,35.3409551533,129.0442860422,0,계원사
하북면 내원로 207,35.4457867868,129.1104518306,0,내원사
하북면 통도사로 108,35.4754091197,129.0563671778,0,통도사
동면 금산2길 210,35.3030247395,129.0438124014,0,법천사
가례면 자굴산로 1150-142,35.3774250147,128.2155283278,0,백련암
부림면 고루로 945-107,35.4283026259,128.3683802317,0,운암사
부림면 여배로5길 2,35.504904772,128.3178814033,0,유학사
용덕면 덕암로 581-137,35.3802392241,128.2516693506,0,수도사
금산면 월아산로1440번길 138,35.1907882198,128.1810645838,0,청곡사
남강로 626-71,35.1876240386,128.0757533887,0,호국사
문산읍 동부로781번길 267,35.1883575109,128.1916003995,0,두방사
의곡길 72,35.2042446939,128.08154542,0,의곡사
향교로42번길 13,35.1980539658,128.0875297836,0,연화사
이반성면 장안로65번길 291,35.2077832652,128.3514396117,0,성전사
집현면 응석로 435,35.2965741032,128.0592174025,0,응석사
망진산길 71,35.1766179422,128.0782491695,0,총림선원
진해구 대장로 273,35.1477902499,128.7793362702,0,청련사
계성면 북암길 147,35.5030168471,128.5403094417,0,삼성암
영산면 적지길 184,35.474439696,128.5476754847,0,법화사
창녕읍 신당2길 4-3,35.5395605956,128.503046256,0,창녕포교당
창녕읍 화왕산로 135-71,35.5339559192,128.5125099979,0,석불사
창녕읍 자하곡길 147,35.5436804341,128.5203753213,0,도성암
창녕읍 화왕산관룡사길 171,35.53273394,128.553526516,0,관룡사
창녕읍 새말길 142,35.5123283733,128.5651210269,0,극락암
성산구 대암로 55,35.2158880987,128.7016337808,0,불곡사
의창구 동읍 자여로 459,35.2491712474,128.7164713119,0,우곡사
성산구 곰절길 191,35.1756914982,128.7170675876,0,성주사
광도면 안정1길 363,34.9437770764,128.3951984677,0,안정사
봉수로 107-82,34.8183372436,128.4153863249,0,용화사 
북천면 상촌길 184-128,35.1540377585,127.850289667,0,양천암
악양면 평사리길 59-102,35.1519009862,127.681192429,0,한산사
양보면 상고개로 377-59,35.0646842426,127.8730032589,0,학방암
화개면 범왕길 528,35.2831837008,127.6072123256,0,칠불사
화개면 쌍계사길 59,35.2385672233,127.6608341971,0,쌍계사
군북면 사촌4길 863,35.2157123703,128.3860453729,0,원효암
칠북면 북원로 110-1,35.327461794,128.5586019335,0,장춘사
마천면 천왕봉로 1035-528,35.4079597374,127.6711393456,0,금대암
마천면 마천삼정로 544-659,35.3654252672,127.6241123868,0,영원사
마천면 광점길 27-177,35.3942445063,127.7037214369,0,벽송사
백전면 백운산길 3-291,35.6082577837,127.6383298868,0,상연대
서상면 덕유월성로 567,35.7465451532,127.679547012,0,영각사
안의면 용추계곡로 623,35.6874452755,127.7632034196,0,용추사
함양읍 상림3길 32,35.5209059721,127.7225633319,0,해인사
합천읍 죽죽길 80,35.5598525561,128.1652598441,0,연호사
용두로 31-8,35.4801877089,128.767135212,0,용궁사
마천면 천왕봉로 1035-337,35.4095638247,127.6652017247,0,안국사
악양면 신흥길 121-120,35.1666771338,127.7336734406,0,칠성사
문산읍 제곡길 215,35.1598279276,128.1869198339,1,문수암
문산읍 정자천로357번길 44-52,35.1491586808,128.1954166805,1,안전사
문산읍 제곡길98번길 23-21,35.1553472546,128.1767272116,1,여래암
문산읍 동부로588번길 42,35.167535731,128.1676377617,1,장충사
문산읍 소문길 103-19,35.1737889636,128.1723255767,1,적광사
문산읍 문정로592번길 43,35.1566678105,128.153583427,1,죽림정사
내동면 독산길 65-32,35.1614685688,128.0635044176,1,대성암
정촌면 정촌로139번길 15-30,35.1297160501,128.1080031247,1,봉은사
정촌면 무선산로 332,35.1156517448,128.1597057953,1,약수암
정촌면 정촌로139번길 22-3,35.1281700698,128.1104614637,1,월광사
정촌면 화개길236번길 19,35.1388807711,128.1117160906,1,토왕암
정촌면 대축길 223-3,35.1345483437,128.0959578993,1,화개암
금곡면 구암두문로 951-21,35.0924193062,128.1794797316,1,금화사
금곡면 검암길 243-19,35.113132032,128.2033137799,1,불광사
금곡면 송곡길 112-24,35.1310925284,128.1976112735,1,대천사 (구 송학사)
금곡면 홍정길52번길 34-3,35.1293444135,128.1732832371,1,연화사
금곡면 구암두문로 1001-11,35.0909568097,128.1847436866,1,용주사
진성면 동부로 1336-36,35.1853087777,128.2278815528,1,구룡사
진성면 진성로 350-97,35.1669250908,128.2384032134,1,구천사
진성면 대사길19번길 118-16,35.1389881345,128.2548951509,1,불광사
진성면 동산길 155,35.1986439739,128.2088337051,1,월아사
진성면 일사로 648-34,35.1642478578,128.2621497445,1,대성사
진성면 진성로276번길 260,35.1480208901,128.2390325383,1,금재사
일반성면 창촌길 32-18,35.170888159,128.278605153,1,관음사
일반성면 남산길 32-23,35.138160938,128.2851621004,1,금수암
일반성면 남산길113번길 9-19,35.1421063443,128.2929783045,1,보리암
이반성면 대천길152번길 50,35.1522664731,128.3032939148,1,대천사
이반성면 진마대로2520번길 251,35.1268347964,128.3300691109,1,승가사
이반성면 발산길47번길 200,35.154130592,128.3565259479,1,문수사
이반성면 발산길47번길 91,35.1448784774,128.3506193104,1,묘봉사
사봉면 모곡길 69-3,35.1984034606,128.2934003496,1,성남사
사봉면 부평길 356-24,35.2071018141,128.3160916039,1,약천사
사봉면 지사로552번길 23-10,35.2190914826,128.2399246892,1,보인사
지수면 지수로642번길 161,35.2492556786,128.2866218797,1,관음사
지수면 금평로242번길 13-6,35.2132298938,128.2588334269,1,금선암
지수면 용봉로249번길 35-31,35.2353112687,128.2476138339,1,길상사
지수면 청원길 95-133,35.2368945631,128.2919185275,1,성불암
지수면 방어산로 14-25,35.2487147992,128.2773947938,1,약련암
지수면 지수로517번길 26,35.2397972234,128.2719132026,1,천관사
지수면 청원길 233,35.2240233041,128.2960677342,1,천호사
지수면 청원길57번길 4,35.2289333413,128.2814759448,1,청암사
지수면 지사로754번길 143,35.2230014968,128.2616253769,1,호인사
지수면 청담길175번길 34-16,35.2482036738,128.2565310545,1,지수암
대곡면 진의로 863-42,35.2477736333,128.1830599364,1,공용사
대곡면 마진한실로 539-39,35.2344985843,128.2311565711,1,기원정사
대곡면 진의로1080번길 21,35.2648215994,128.1709174372,1,대곡사
대곡면 월암로23번길 46,35.2822454828,128.1626030597,1,도광사
대곡면 남강로2366번길 64-10,35.25468883,128.1560449541,1,도명정사
대곡면 소실길197번길 12,35.2501520063,128.1686769068,1,도솔암
대곡면 오방로 194-24,35.2640770792,128.136157099,1,불동암
대곡면 대화로 92-1,35.2597077088,128.1870132578,1,비룡사
대곡면 월암로 332-21,35.3078973576,128.1673281565,1,삼보사
대곡면 진의로1056번길 39,35.264013566,128.1718705324,1,수도암
대곡면 월암로 93-11,35.2871330752,128.1646309608,1,정진암
대곡면 월암로85번길 34,35.2862376054,128.1625563699,1,유심사
금산면 금산순환로22번길 14,35.2155242202,128.1479961336,1,대명암
금산면 금산순환로80번길 62,35.2200739329,128.1567627423,1,반야정사
금산면 금산순환로519번길 290,35.2142107279,128.1854534753,1,보궁사
금산면 월아산로1440번길 209,35.1940195109,128.1830971091,1,성은암
금산면 달음산로53번길 19,35.2010985054,128.1729723415,1,월아정사
집현면 한치골길44번길 9-4,35.2274356145,128.0621967432,1,도리사
집현면 진주성로452번길 8-5,35.2247271903,128.0676701482,1,법문암
집현면 진산로1497번길 65-10,35.2977324824,128.0776872132,1,보림사
집현면 지내길101번길 61,35.2530970717,128.0776344556,1,월곡사
집현면 응석로 234-13,35.2804461183,128.0685690063,1,해룡사
미천면 안간길 292,35.3146055769,128.0638702018,1,성불사
미천면 오방로199번길 32-9,35.2669212943,128.1303904457,1,관음사
미천면 널방재길195번길 48-18,35.3017499155,128.1491696413,1,한보사
미천면 향양로529번길 16-104,35.2784096544,128.0996734406,1,성원사
미천면 진산로1623번길 21-199,35.3065330859,128.0592033947,1,월명암
미천면 오방로 528-40,35.2858759811,128.1352621469,1,한마음선원 진주지원
미천면 오방로487번길 18-41,35.2868761027,128.1264645067,1,보각사
미천면 향양로365번길 41-10,35.2659370057,128.1129307271,1,화개사
미천면 어옥로 232-72,35.3128545981,128.1473992898,1,여여암
미천면 오방로 895,35.3123742503,128.1098744424,1,만복사
명석면 관덕길 47-25,35.2478517959,128.0351420957,1,백운정사
명석면 광제산로 354,35.2455597562,128.0427893263,1,극락선원
명석면 광제산로 133-21,35.2289981333,128.0421725776,1,불곡암
명석면 나불로 186-72,35.2177042612,128.0478990776,1,무위사
명석면 남성로 563,35.2781715007,128.0470631096,1,석불사
명석면 남성로689번길 190,35.295233514,128.0501448369,1,장흥사
명석면 남성로445번길 14-1,35.2675932095,128.0492586412,1,대원암
명석면 남성로 595-4,35.2806680015,128.0480501777,1,대명사
명석면 광제산로635번길 35-9,35.2698916797,128.0398123338,1,광흥사
명석면 광제산로 596,35.2657638789,128.0448611804,1,마하연
명석면 광제산로635번길 11-13,35.2686029699,128.0421005254,1,석지암
명석면 광제산로 1100-23,35.3030330353,128.0251301013,1,보현사
명석면 광제산로1032번길 90,35.3011876852,128.0342285744,1,성중사
명석면 광제산로833번길 24-3,35.2818526924,128.0309934941,1,대덕암
명석면 외율길10번길 60-104,35.2731397753,128.001502791,1,광덕사
명석면 외율길54번길 162-10,35.2697333943,128.009324495,1,문수암
명석면 외율길54번길 102-59,35.2726653865,128.0093153675,1,축원암
명석면 외율길54번길 102-68,35.2740546636,128.0062837222,1,수덕사
명석면 팔미길 74-19,35.2578063232,128.0027477577,1,소원사
명석면 진주대로 2477-17,35.2726212339,127.9860799222,1,성양사 (성양원)
명석면 진주대로 2207-44,35.2498907588,127.9905564721,1,백운사
명석면 오미길341번길 56,35.268170086,127.9910320305,1,무량사
명석면 가화로 664-19,35.2368293675,127.9973929887,1,성불사
명석면 진주대로2311번길 157-5,35.2489665083,127.9851755859,1,삼불암
명석면 진주대로 1947-60,35.2289303099,128.006175132,1,복천사
명석면 진주대로1706번길 34-20,35.2209649037,128.0348649126,1,용산사
명석면 판문로495번길 34,35.208759935,128.026701947,1,정토사
명석면 광제산로685번길 77-29,35.2732795571,128.0323504081,1,대흥사
명석면 광제산로864번길 12-11,35.285490485,128.0351726196,1,약사암
명석면 진주대로 1764-31,35.2252849039,128.0291697946,1,영광사
대평면 호반로 975-82,35.1971861322,127.958735825,1,명성암
대평면 한들길 2-26,35.2309806977,127.9629610226,1,원광사
대평면 원당길158번길 68,35.1680243371,127.9721898087,1,정심선원
수곡면 중전길268번길 8-29,35.1991266604,127.9510663676,1,법연사
수곡면 사곡로681번길 51-9,35.2486586691,127.9279074997,1,선암사
수곡면 덕천로 308-6,35.1998894129,127.8977667076,1,성암사
수곡면 사곡로523번길 114,35.2476237176,127.9231912751,1,수안사
수곡면 사곡로366번길 27,35.2282244986,127.917464968,1,용수암
수곡면 사곡로 234-8,35.2186251555,127.9167893161,1,원효사
수곡면 시묘산길 324-5,35.2113022503,127.9014028978,1,월계암
수곡면 덕천로576번길 31,35.2205453995,127.8980319175,1,증봉사
수곡면 곤수로514번길 107,35.1676388205,127.9632122663,1,한산사
수곡면 사곡로90번길 13-9,35.2134506486,127.9271075604,1,대덕사
수곡면 곤수로1407번길 36-20,35.2367412655,127.9308478134,1,마니굴
봉수대길 64,35.1800761343,128.0776738297,1,정법사
망경로224번길 45,35.1810713331,128.0803264939,1,월경사
천수로137번길 38,35.1748199149,128.083523064,1,금선암
주약약골길8번길 36,35.1743967928,128.0885143971,1,보덕암
천수로155번길 16-1,35.1784342248,128.08379541,1,용화암
강남로247번길 9,35.1876636571,128.0904202481,1,진주보천 심인당
강남로 181-4,35.1842498973,128.0943863373,1,여래사
진주대로966번길 6,35.1861758834,128.0883459505,1,정토회
천수로237번길 14,35.1837250134,128.0782558743,1,법장사
강남로301번길 8,35.1869407278,128.0843873559,1,불교 총지종 화음사
진주대로941번길 25-6,35.1832023834,128.0864608719,1,불심사 포교원
진주대로941번길 19,35.1834420065,128.0865549609,1,진주도림사
진주대로 932,35.1834328605,128.0891183606,1,문수선원
봉래길49번길 9,35.2011438072,128.086605232,1,봉광사
진산로46번길 21,35.1957463575,128.0972418932,1,도명암
향교로93번길 25,35.1989222712,128.0918068722,1,법성사
옥봉길15번길 11,35.1972624486,128.0888231159,1,보각사
남강로 751-14,35.1905730235,128.094449828,1,송원사
향교로42번길 13,35.1980539658,128.0875297836,1,연화사
향교로109번길 62,35.1992632539,128.0972583385,1,옥수암
진주성로188번길 29,35.2078424429,128.0714759765,1,여래사(원)
창렬로187번길 11-20,35.2015059275,128.0773082388,1,비봉사
창렬로187번길 14-5,35.2012986261,128.0780780978,1,청계암
창렬로 209,35.2010425694,128.079736626,1,봉황사
창렬로 205-15,35.2010185204,128.0787034738,1,법혜사
창렬로187번길 11,35.2010026382,128.0776428687,1,청월사
의병로 121-1,35.2014115225,128.0719406412,1,백련암
의병로111번길 17,35.2017650681,128.071150175,1,삼선암
진주성로183번길 13-5,35.2042333558,128.0724954804,1,영덕암
의병로65번길 43,35.2013899686,128.0644126836,1,천진암
의병로 128,35.2017202462,128.0724259817,1,약사정사
상봉대룡길 81,35.2068707096,128.0633228165,1,대불사
모덕로30번길 4,35.1814596468,128.1017131449,1,법성사
모덕로 69-2,35.1824107226,128.1054689473,1,송학사
모덕로181번길 7,35.1876928956,128.1134157699,1,법륜사
대신로 311,35.1882536156,128.1166435084,1,월하사
장재새미길53번길 56,35.2029861266,128.0946027397,1,견불사
장재새미길53번길 30,35.2044215413,128.0953791446,1,다례정사
진산로 100-3,35.1978441965,128.0993310782,1,선덕사
진산로 116-14,35.1985894303,128.1003386745,1,수도사
장재새미길53번길 47,35.2033918515,128.0954541519,1,연기암
석갑로141번길 80,35.1803902961,128.0559859051,1,천황사
신안로88번길 9-4,35.1862940204,128.0716631234,1,한국SGI불교회
진주대로1270번길 27,35.1956656525,128.0649937193,1,금천암
이현두곡길59번길 34,35.1920241914,128.0483669653,1,보광사
유곡죽전길 9-5,35.1939827985,128.066492656,1,보림사
유곡죽전길 27-5,35.1954794476,128.0671635435,1,다천사
서장대로185번길 11-8,35.1886674315,128.0560572007,1,문필암
나불로114번길 31-1,35.2078807228,128.0567740797,1,무상사
진양호로111번길 17,35.1688403138,128.050941563,1,관음정사
진양호로143번길 33,35.1712409635,128.0530666835,1,마하사
판문로 70-5,35.173492556,128.0435126492,1,보경사
판문로 64-12,35.1727673529,128.0443505735,1,염불선사
진양호로143번길 15,35.1699411554,128.054117162,1,용화사
동부로 18-13,35.1587522859,128.1101705131,1,호명사
동부로 250-20,35.1626952813,128.1333755562,1,화성사
광도면 홀리1길 265-51,34.8843290808,128.3968239973,1,천왕사
광도면 홀리1길 340-198,34.895538932,128.3946865363,1,정각사
사천읍 수양로 80-83,35.0847217291,128.0939902858,1,달마사
사천읍 토촌길 181-15,35.0970028459,128.1059906761,1,백운암
사천읍 백산길 28-5,35.086130954,128.1115487067,1,관음사
사천읍 옥산로 119,35.0793535758,128.0959877839,1,소림사
사천읍 옥돌길 21-10,35.0828124273,128.0954131187,1,성불사
사천읍 중선3길 36,35.0896303076,128.0875359038,1,수양사
사천읍 두량로 474-102,35.1034782737,128.1317076117,1,사리암
용현면 덕석골길 122,35.0430835912,128.0747163219,1,정수사
용현면 안점봉수대길 246,35.041391942,128.0776478846,1,약수암
용현면 신복길 323,35.0351396608,128.0810806778,1,보국사
용현면 관동길 47-29,35.0348825593,128.0743174399,1,성도암
용현면 용치로 21-7,35.0126553973,128.063884103,1,육구암
용현면 용너미길 60-41,35.0055612142,128.1028426655,1,선덕사
용현면 용너미길 1-27,35.0091595484,128.1056885029,1,용운사
용현면 금구길 46-38,35.0076699279,128.0684548037,1,약사암
용현면 용치로 367-18,35.0114166421,128.1002837048,1,법룡암
용현면 청골길 34-38,35.0471887653,128.0581566494,1,용주암
용현면 용너미길 1-22,35.0093360575,128.1051112565,1,부용사
용현면 관동길 73,35.0334423811,128.0740168574,1,용수암
용현면 용치로 367-14,35.0103459357,128.1006639641,1,용남선원
용현면 용치마을길 25-16,35.0098523066,128.0855297726,1,호연암
축동면 물통골길 196,35.0993410137,128.0565254484,1,법륜사
축동면 양동2길 49,35.1030915548,128.1039150854,1,천재암
축동면 예동3길 37-83,35.1100660531,128.0736031092,1,성불사
축동면 서삼로 1143-24,35.0963898696,128.0448418651,1,무량사
축동면 양동1길 23-7,35.1056861249,128.1021357863,1,설봉사
곤양면 만점안길 217,35.0870912802,127.9061746558,1,보안암
곤양면 상정마을길 132-63,35.0745072714,127.9587787053,1,기도사
곤명면 봉명로 31,35.071782432,127.9500323673,1,관음사
곤명면 신산길 82,35.0841642059,127.9370317784,1,보경사
곤명면 용산마을길 467-24,35.0911683627,127.9180127296,1,다선암
곤명면 양월길 228,35.1404581176,127.9453982379,1,대흥사
곤명면 봉명로 359-8,35.0974055071,127.9365572773,1,금천사
곤명면 평촌길 122-131,35.0803052965,127.9528492747,1,선불사
곤명면 원전길 83,35.1152690618,127.9324441753,1,여적암
곤명면 경서대로 2821-46,35.1100356228,127.9232567583,1,신해사
곤명면 막골길 207-51,35.1220633719,127.9225701412,1,염불암
곤명면 고성산동학로 411-105,35.1465458899,127.9160188073,1,장석암
곤명면 송림길 176-22,35.1228646136,127.9460293988,1,선광정사
곤명면 곤명1로 301-62,35.1200277986,127.958418307,1,수월암
곤명면 곤수로 149-32,35.133846434,127.9615669393,1,용화사
곤명면 완사3길 47-8,35.1298774551,127.9745669525,1,용호사
곤명면 연평길 193,35.1474700962,127.9934462006,1,도림사
곤명면 고성산동학로 372,35.1401826004,127.927893913,1,유정사
곤명면 은사길 59,35.1286672678,127.9129801163,1,보연암
서포면 서포로 351-60,35.0164730315,127.9678966537,1,서광사
서포면 검섬길 51-29,34.9869301542,127.9801379275,1,명천사
서포면 대동안길 32,35.0119154699,127.9948217254,1,해동선원
서포면 동구길 104,35.0405597209,127.9646544218,1,안정사
사천대로 114,34.9384066614,128.0448020726,1,감로사
하궁지1길 39-24,34.9363495134,128.1138293316,1,성원암
홀곡1길 74,34.9650664807,128.1311085861,1,선암사
구실3길 174,34.9584182048,128.1232997204,1,성불사
구실1길 152,34.9550876555,128.1206117381,1,용국사
모충길 70,34.9627041092,128.0529667921,1,모충사
죽전길 255,34.9648807151,128.0815023024,1,죽림사
죽전안길 63-18,34.9643147789,128.0741283358,1,평안사
새섬바위길 426,34.9764269877,128.0846015229,1,갑룡사
죽전안길 108,34.9647103733,128.0761747129,1,광명사
벽동길 46,34.9836390572,128.0649737896,1,기원정사
배천길 30-46,34.9922960497,128.071674919,1,반야사
백천길 440,35.0012128105,128.1017762327,1,불이암
진삼로 314-5,34.9850766154,128.0635727402,1,능인사
새섬바위길 390-4,34.9739420688,128.0832528784,1,원불교수련원
삼랑진읍 삼랑진로 345-80,35.3948079297,128.8302060784,1,동성암
삼랑진읍 우곡2길 212,35.4492203172,128.8581347195,1,도성사
삼랑진읍 화성길 13-47,35.4106192006,128.8016751348,1,용암사
삼랑진읍 삼랑5길 19-28,35.389498113,128.8240539742,1,봉주사
삼랑진읍 단장로 379-8,35.4472881624,128.8689825967,1,삼봉사
삼랑진읍 검세1길 15-22,35.4100663894,128.8522188742,1,목주지련
삼랑진읍 단장로 340-17,35.4456679117,128.86744358,1,약수암
삼랑진읍 숭진석탑길 271,35.4595119558,128.8249395771,1,용운암
삼랑진읍 우곡1길 36-8,35.4329958466,128.8431083587,1,우곡사
삼랑진읍 청룡1길 56-5,35.441496296,128.8126687775,1,대본사
삼랑진읍 삼랑6길 40,35.3870520435,128.827655366,1,자비정사
삼랑진읍 행곡3길 254,35.4211611413,128.916622162,1,해선암
삼랑진읍 화성길 25,35.406009265,128.8029534732,1,청광사
삼랑진읍 삼랑진로 1126-13,35.4389285843,128.8085002245,1,자광사
삼랑진읍 행곡3길 68-72,35.4210142252,128.907605952,1,천불사
삼랑진읍 송지3길 13,35.4008627839,128.8403059541,1,원불교
하남읍 내서4길 15-2,35.3748718962,128.7039591981,1,강정사
하남읍 내동2길 9-11,35.3766154396,128.7082151007,1,수덕사
하남읍 백산로 267-208,35.3729464312,128.7515861246,1,대원사
하남읍 남전2길 7-40,35.4174128473,128.7145204812,1,반야정사
하남읍 파내길 26-6,35.391256832,128.7406777748,1,보타사
하남읍 백산1길 21-8,35.371987,128.748303213,1,백련사
하남읍 성만남전로 463-5,35.410276904,128.736527758,1,선주암
하남읍 남전2길 13,35.4137501014,128.7144286696,1,관덕사
하남읍 대평2길 23,35.3677102568,128.728378596,1,청연암
하남읍 대사길 86,35.3931303217,128.7341117455,1,약원정사
하남읍 대사4길 54-3,35.396171511,128.7294268077,1,혜원사
하남읍 명례2길 8-11,35.3522039226,128.7643165128,1,광명사
하남읍 내서2길 3-7,35.3760351795,128.7061923489,1,천신암
부북면 덕곡2길 139-46,35.5047598999,128.7027312431,1,보덕사
부북면 사포공단1길 25-96,35.463377199,128.7445827377,1,관음사
부북면 추원재길 71-1,35.4827694215,128.7183921069,1,정각사
부북면 퇴로로 279-100,35.556018321,128.7047202501,1,대각정사
부북면 화악산길 471-11,35.5689755445,128.7069401573,1,지장사
부북면 후사포2길 93,35.4645855218,128.7231755052,1,어룡사
부북면 점필재로 154-1,35.4863752977,128.72922758,1,대광사
부북면 사포로 379,35.4917913269,128.7273179125,1,법운사
부북면 퇴로로 171-8,35.5449439588,128.6979615997,1,천명사
부북면 대항길 440-44,35.5638242176,128.6918867815,1,자비사
부북면 대항길 526,35.5678227775,128.6928897267,1,용인정사
상동면 금산3길 18-93,35.5556779308,128.7796045055,1,보광정사
상동면 금산7길 7-3,35.5547205254,128.7609211904,1,일상사
상동면 금산1길 36-10,35.5425088158,128.7772907496,1,수월사
상동면 상동로 190-76,35.5266592778,128.7870943499,1,성불암
상동면 구곡1길 56-4,35.5368439464,128.7552563161,1,구천암
상동면 고정2길 159-11,35.5665435109,128.8077569852,1,법성사
상동면 매화3길 81,35.5828888983,128.8116490058,1,청량사
상동면 금산3윗길 75,35.5572597578,128.7735255077,1,옥천암
상동면 안인2길 81,35.5253756751,128.7610869633,1,염불사
상동면 구곡길 71-83,35.5379975826,128.7510570043,1,성불사
상동면 여수길 327-28,35.5664573681,128.7302568575,1,범용사
상동면 안인5길 165-9,35.5575899164,128.7526048019,1,천일암
상동면 고답로 391-14,35.5602350524,128.8270682708,1,천수암
상동면 매화1길 34-74,35.574204432,128.8076156666,1,죽림정사
상동면 상동로 571,35.5540604746,128.7619414598,1,약수암
상동면 구곡길 67-48,35.5393165979,128.7563553055,1,삼정사
상동면 구곡1길 47,35.5370965478,128.7565120743,1,백천사
상동면 여수길 428-19,35.5699417011,128.7241651835,1,다산사
상동면 도곡1길 97-29,35.5667202907,128.816281722,1,신불사
상동면 신곡3길 13,35.5810932717,128.8316475952,1,다혜사
상동면 구곡길 102,35.5412500445,128.7545420591,1,구룡암
상동면 금산3길 2,35.5484892513,128.7736213035,1,보리암
상동면 금산7길 17-12,35.5542397344,128.7617922115,1,해각사
산외면 다원2길 17,35.5059856072,128.8110663742,1,대원암
산외면 금곡4길 68-81,35.5224627573,128.8345245362,1,성덕사
산외면 금곡4길 36-3,35.5147963269,128.8325118102,1,미륵암
산외면 희곡3길 132-24,35.5433561471,128.8356030681,1,운상암
산외면 산외로 697-238,35.5195109879,128.8432551404,1,백용사
산외면 산외로 697-228,35.5222752198,128.8443902345,1,청용사
산외면 산외로 697-228,35.5222752198,128.8443902345,1,보리암
산외면 희곡1길 92-42,35.5318268654,128.8575637082,1,만등사
산외면 밀양대로 3447-20,35.5436806812,128.8531241037,1,지원사
산외면 희곡3길 84-9,35.5413985927,128.8399586522,1,심명사
산외면 희곡3길 49-27,35.5386058258,128.8439641413,1,봉명암
산외면 산외로 697-71,35.5155342337,128.8432292322,1,백운암
산외면 희곡3길 89-114,35.5359530228,128.8385235089,1,약산사
산외면 희곡3길 52-28,35.541523617,128.8410424589,1,서암사
산외면 남기동길 51,35.51367734,128.7952835708,1,선정사
산외면 엄광중앙로 248-84,35.5252684276,128.8050082749,1,용봉사
산외면 율전안길 3,35.4950068661,128.8138003704,1,관음사
산내면 산내용전4길 29-67,35.5536110582,128.8508600886,1,사천왕사
산내면 산내용전1길 38,35.5660474306,128.8594474985,1,지장사
산내면 발례1길 33-15,35.5663637494,128.8878944839,1,청명사
산내면 임고6길 120,35.5787010457,128.8642920442,1,약천사
산내면 임고6길 77-23,35.5758709853,128.8672270064,1,정토사
산내면 미라2길 23-43,35.5811565434,128.8967039896,1,개명정사
산내면 봉의로 194-8,35.5972289822,128.8711426257,1,구만사
산내면 봉의3안길 12-64,35.5932531652,128.8607739239,1,약천사
산내면 하양지길 103-124,35.5984979043,128.9486593484,1,지장암
산내면 삼양길 77-11,35.593557508,128.9639575984,1,연화정사
산내면 봉의2길 34,35.5905197916,128.8734353848,1,불사만덕정사
산내면 얼음골옛길 358-34,35.5754801598,128.9843195027,1,천황사
산내면 하양지길 163-29,35.6005187213,128.9605249748,1,원각사
산내면 하양지길 129-8,35.5993373743,128.9552062384,1,자은사
단장면 표충로 1338,35.5322607166,128.9590441545,1,대원암
단장면 표충로 1338,35.5322607166,128.9590441545,1,진불암
단장면 표충로 1338,35.5322607166,128.9590441545,1,한계암
단장면 표충로 1338,35.5322607166,128.9590441545,1,서상암
단장면 무릉2길 101,35.5017576678,128.8941438067,1,보문사
단장면 국전1안길 4-32,35.4869268085,128.9012206556,1,피안사
단장면 시전3길 12-445,35.5333493512,128.9810706602,1,적조암
단장면 국전로 879-119,35.4410558388,128.9071758554,1,약수암
단장면 법흥1길 16-1,35.4810868648,128.8471624921,1,원양사
단장면 고례로 1191-161,35.5079637866,128.9212934738,1,봉화사
단장면 감물3길 104,35.4704487,128.869640266,1,혜광보조굴사
단장면 사연길 326,35.5406499665,128.8786587275,1,대자암
단장면 표충로 1338,35.5322607166,128.9590441545,1,내원암
단장면 고례5길 26,35.5005810395,128.9283097851,1,오선암
단장면 고례4안길 36-13,35.497768283,128.9331413361,1,대승관음사
단장면 용소길 236,35.4461024052,128.8878587569,1,보경사
단장면 동화4길 119,35.5129274833,128.8937237582,1,성지암
단장면 사연길 167-8,35.5297560304,128.8771540043,1,영각정사
단장면 국전로 837,35.4507009012,128.907795326,1,보성암
단장면 바드리길 435-30,35.5058240235,128.9398255263,1,여래사
단장면 동화4길 119,35.5129274833,128.8937237582,1,동화사
단장면 국전2길 184-4,35.4747069308,128.9135575384,1,보현사
단장면 무릉2길 114-9,35.5005313035,128.8964257636,1,혜명사
상남면 예림중앙1안길 48,35.4706369592,128.7583605206,1,원각암
상남면 예림중앙1안길 15-16,35.4692391738,128.7567688023,1,대승정사
상남면 예림중앙1길 4-1,35.4663201882,128.7584201935,1,운수사
상남면 운내길 37,35.4657520339,128.753792147,1,예림사
상남면 기산1길 137,35.4538365255,128.7387941412,1,해원사
상남면 상남우곡2길 58-5,35.4497043802,128.7486035959,1,구수암
상남면 상남우곡1길 43-29,35.44821814,128.7496121681,1,보문사 
상남면 이연1길 22-3,35.4386635393,128.7490549683,1,약수암
상남면 이연1길 23-27,35.4366262194,128.7492120716,1,용연사
상남면 내금2길 39,35.4293028228,128.7574119004,1,다보사
상남면 외금3안길 22,35.4279607109,128.7630105122,1,대명암
상남면 외금3안길 27,35.4271603562,128.762925353,1,용천사
상남면 상남로 543-11,35.4137368471,128.771575216,1,영구암
상남면 동산2길 10-13,35.3842781379,128.7805170904,1,백운사
상남면 상남인산2길 27,35.3932141711,128.7761587138,1,봉건사
상남면 동산2길 24-26,35.3829336024,128.7789189068,1,금용사
상남면 남산2길 123-28,35.4306189268,128.7228253434,1,보덕암
상남면 조남길 405-59,35.4394571415,128.7208582099,1,구배사
상남면 조남길 632-22,35.4463445389,128.7280476547,1,미덕사
상남면 남산1길 129,35.4374366961,128.7359749798,1,덕담사
초동면 봉황1길 17,35.4551244386,128.6888746291,1,회생사
초동면 명성로 6,35.3825509499,128.6531303357,1,일월정사
초동면 덕산2길 32-81,35.4320971214,128.695719687,1,영원사
초동면 덕산3길 187,35.4370446084,128.7050626195,1,은선암
초동면 오방길 31-56,35.4280194217,128.6708164149,1,광제암
초동면 대구령길 115-220,35.4241896586,128.702103108,1,덕산사
초동면 대구령길 115-116,35.4229736748,128.7065150797,1,덕은암
초동면 대곡2길 55-62,35.3904204212,128.6579232024,1,성지암
초동면 신호1길 95-1,35.4082529571,128.681990367,1,덕법사
초동면 초하로 634-19,35.3786840939,128.6969325467,1,용주사
초동면 초하로 441-3,35.3902210344,128.685035571,1,약샘사
초동면 오방길 17-7,35.4237945536,128.668854056,1,보림사
초동면 덕산5길 66,35.4443963485,128.6841210544,1,약명사
무안면 무안동산1길 96-48,35.5278044021,128.6702971421,1,약수암
무안면 가복1길 96,35.4836347239,128.6933518653,1,용정사
무안면 무안로 308-17,35.4934847011,128.6789051827,1,지정사
무안면 고사길 171,35.4458520592,128.6654145706,1,진견선원
무안면 덕암길 197-115,35.4530956501,128.6212288658,1,불세암
무안면 덕암길 390,35.456465726,128.6062425504,1,무인사
무안면 덕암길 375,35.4577090177,128.60791428,1,극락사
무안면 사명대사생가로 779,35.5046927785,128.5952592365,1,대명사
무안면 사명로 1145-60,35.5251997805,128.6482944934,1,보성사
무안면 운정안길 174,35.5110386285,128.673030222,1,서약사
무안면 죽월1길 29-10,35.5029024313,128.6484969482,1,현통암
무안면 동부동안길 17-41,35.4735857427,128.6465405846,1,혜원사
무안면 성덕2길 60-75,35.4380762983,128.6587785524,1,이타암
무안면 성덕2길 60-6,35.4408904424,128.6548071508,1,약왕사
무안면 사명대사생가로 444-83,35.487573837,128.6186972803,1,부처님 마을
무안면 백안1길 142,35.485947368,128.7092168957,1,죽림정사
무안면 사명로 779,35.493283427,128.6548359748,1,수정사
무안면 성덕1길 36-3,35.4369309442,128.6462860978,1,성원사
무안면 운정안길 200,35.513096719,128.6715893632,1,석불사
무안면 삼화길 552-14,35.5135431134,128.612822991,1,간음정사
무안면 운정안길 50-31,35.5081931955,128.6834668199,1,법장사
무안면 운정길 83,35.5009609566,128.6823878338,1,수암사
무안면 모로길 64-1,35.4621241773,128.6446201714,1,약천사
무안면 가례3길 163,35.4980274626,128.5817430332,1,서산사
무안면 가례로 233,35.4899909358,128.5850947197,1,영산정사
무안면 동부동길 39,35.4711754632,128.6484382448,1,영적사
무안면 고사길 173,35.4456877588,128.6655134944,1,진관선원
청도면 소태길 36-52,35.5615319936,128.6275538732,1,천죽사
청도면 두곡3길 122-6,35.5565523057,128.6114645529,1,용암사
청도면 조천1길 56-10,35.5333097636,128.6102686723,1,칠성사
청도면 조천2길 9-7,35.5247452727,128.6195790398,1,억만암
청도면 요고3길 7,35.5761628485,128.6612811378,1,명수암
청도면 화악산길 249-241,35.5809642223,128.6939442464,1,운주암
청도면 요고3안길 138,35.5881828899,128.6665466505,1,여래원
청도면 요고1길 138,35.5662830061,128.6408874424,1,황암
영남루1길 16-11,35.4917709369,128.7564146595,1,무봉사
북성로1길 7,35.4975737482,128.7438315727,1,천왕사 (밀양법당)
해천안길 20-3,35.4924141876,128.7490965828,1,성령암
남천강변로3길 10-7,35.4915652035,128.750127292,1,수계심인당
노상하4길 6,35.496088853,128.7483162859,1,밀행사
중앙로 180-49,35.4837135747,128.7650151215,1,청용사
멍에실로 203,35.4797993302,128.7909004594,1,연화사
용두동안길 32-30,35.4827541963,128.7658028411,1,천경사
용두서길 3,35.4791507201,128.7652276845,1,수도사
남포길 40-1,35.4651677126,128.7855055081,1,용광사
가곡중앙길 36-4,35.4769456989,128.76482968,1,천산사
동면 양산대로 260-23,35.2971838376,129.022928601,1,혜원사
매곡1길 40,35.3704597961,129.1776058127,1,죽림사
명동3길 31,35.3985525594,129.1687072811,1,나은사
주남마을2길 120,35.4237469918,129.1409808265,1,도안사
부곡면 구산학포로 547-138,35.418180355,128.6335415411,1,월봉사
창녕읍 후포길 33,35.5149327464,128.4570775441,1,미륵사
삼동면 양화금로 214-24,34.8196524556,128.0533853971,1,해관암
이동면 보리암로 65-23,34.7789286233,127.9686089361,1,금왕사
이동면 용문사길 197,34.7886026139,127.9212699849,1,백련암
남해읍 남해대로 2951-105,34.852170734,127.8868527443,1,연국암
창선면 흥선로 767-28,34.8847698157,128.0476296365,1,세심사
이동면 용문사길 223,34.7902046338,127.9200057436,1,염불암
설천면 강진로 130-17,34.9075409538,127.9261389162,1,문수선원
고현면 남치로 91-6,34.9032902072,127.8839742882,1,삼불사
상주면 남해대로 867-12,34.7386401017,127.9809962419,1,법문사
남면 남서대로 1334-36,34.7900235717,127.8459504038,1,석불암
고현면 화방사길 128-6,34.8646173411,127.8638779308,1,극락암
설천면 설천로738번길 51-34,34.9321094362,127.9137361926,1,구산사
창선면 흥선로790번길 27,34.8799360142,128.0468716683,1,극락사
남해읍 당넘로82번길 14-5,34.8238880313,127.9054612721,1,낙가사
설천면 설천로 327-45,34.899310502,127.910689296,1,대금암
남면 무지개로81번길 43-13,34.7418822154,127.898092504,1,무량암
창선면 흥선로 1598-119,34.8433682423,128.0464357151,1,보현사
남해읍 평현로173번길 41,34.8292044302,127.8852376301,1,성불암
고현면 화방사길 128-6,34.8646173411,127.8638779308,1,수광암
남면 무지개로 151-24,34.7433739952,127.8931909966,1,정수사
하동읍 연화길 71-31,35.0771846443,127.7472337833,1,우소림사
하동읍 중서2길 5-2,35.0717231706,127.7467422727,1,도림사
하동읍 신기궁항길 88-14,35.0556292574,127.7728589432,1,하남사
하동읍 서동길 11-10,35.0725927326,127.7445231387,1,영각사
하동읍 화심안길 32-1,35.0900171126,127.7332334793,1,죽림정사
하동읍 매화골먹점길 253-41,35.1253862092,127.7228539386,1,혜광사
하동읍 매화골먹점길 89-7,35.1163297424,127.7080210597,1,와룡사
하동읍 범바위길 30-73,35.1025223102,127.7076537739,1,용화사
하동읍 마방길 2-1,35.0731403757,127.7424819444,1,원각사
적량면 삼화실로 748-8,35.1378064081,127.7605224757,1,칠보정사
적량면 삼화실로 813-68,35.1412079361,127.7539779577,1,성불사
적량면 서재길 323-65,35.1132780286,127.7334049487,1,기원정사
적량면 대티길 60,35.0798800297,127.779619882,1,용수암
적량면 서촌길 63-10,35.1217070307,127.7617512149,1,관음사
금성면 연막길 25,34.943265948,127.7893860269,1,칠봉사
양보면 양보로 118,35.0585605311,127.8474984514,1,방암사
양보면 우성길 108-47,35.0645456671,127.8425615067,1,덕암사
양보면 서촌섬백이길 79-28,35.0935853175,127.8575428378,1,관음사
양보면 진양로 1049,35.065742583,127.83103502,1,약수암
청암면 안양로 151,35.165137798,127.8072985918,1,청암사
청암면 명사길 325-143,35.1378553003,127.7747871878,1,무소암
청암면 명사길 384-68,35.145929827,127.7736001113,1,동산사
청암면 금남길 75-75,35.1650097117,127.7613030528,1,은적암
청암면 사동길 93,35.1786218295,127.7492857528,1,석계암
청암면 청계길 11-50,35.1853902992,127.7717737532,1,청계사
청암면 청학로 678,35.1564340286,127.7987170451,1,관음사
청암면 청학로 1015-23,35.1697981022,127.7704304748,1,효성사
청암면 궁항길 650,35.2143843167,127.7778044508,1,봉화사
청암면 청학로 2219-84,35.2230255533,127.7306618939,1,죽림정사
청암면 원묵길 47-6,35.244876376,127.7335329433,1,법성암
청암면 대밭땀길 40,35.2393671551,127.7194293463,1,자미원
청암면 청학로 2554-13,35.2424371009,127.7068803886,1,박반사(구.용천사)
청암면 청학로 2571-42,35.2394261183,127.7096865965,1,청량사
청암면 청학로 2474-9,35.2410340273,127.7137115016,1,미륵정사
차황면 신차로2091번길 53,35.4895432709,127.9279020717,1,정인사
차황면 신차로1850번길 152,35.4735185873,127.945696571,1,황매사
오부면 오동로620번길 93,35.4920504575,127.8958183538,1,송덕암
오부면 왕촌길 309,35.5284773856,127.9046352135,1,천지사
오부면 오휴로 194-79,35.5203171581,127.9131342824,1,진귀암
금서면 친환경로 2625-6,35.4190839888,127.8726387559,1,대성사
금서면 친환경로2451번길 101-8,35.4244461861,127.8485347695,1,왕복사
금서면 친환경로2346번길 4,35.4126376822,127.8448586382,1,해동선원
금서면 친환경로 2285,35.4109169511,127.8396227337,1,성공사
금서면 친환경로2235번길 122-27,35.4196310655,127.8346825819,1,필봉사
금서면 친환경로2235번길 106-12,35.4178133164,127.8357683755,1,정각사
금서면 쌍재로80번길 11-10,35.4145757535,127.8215484246,1,해안사
금서면 새터길 57-98,35.4084051604,127.8177887793,1,금수암
금서면 왕등재로 328,35.384671305,127.8197296108,1,천광사
금서면 구형왕릉로 62-11,35.452341239,127.7998234244,1,왕림사
금서면 화계오봉로 830,35.4045702971,127.7791569208,1,화림사
금서면 화계오봉로540번길 34-19,35.4233591058,127.7782094087,1,수월암
금서면 화계오봉로540번길 42-14,35.4225027951,127.7790469186,1,선림사
금서면 화계오봉로614번길 184-400,35.4136283002,127.7630374153,1,법전암
삼장면 친환경로293번길 75-27,35.2862626121,127.8315421916,1,지장암
삼장면 친환경로1063번길 157,35.3650992395,127.8355017241,1,견성암
삼장면 서당길 125-6,35.3072829337,127.8316426759,1,다정선원
삼장면 대하내원로145번길 3-1,35.2943639309,127.818341325,1,천왕사
삼장면 대하내원로 319-34,35.2985853006,127.8013139243,1,능인암
삼장면 친환경로719번길 137,35.3289342541,127.8319034324,1,도성사
삼장면 친환경로985번길 148,35.3596488123,127.8341594011,1,선화사
삼장면 친환경로998번길 59-24,35.3540931202,127.8496978157,1,호불사
삼장면 대하내원로 308,35.299573776,127.8045977363,1,약원암
단성면 성철로 125,35.2792401248,127.9684153214,1,겁외사
단성면 자양길 130-7,35.2538234552,127.889460264,1,보현사
단성면 지리산대로2700번길 83-15,35.263677576,127.9212551692,1,송덕사
단성면 상동길 65-42,35.2779847553,127.9317090599,1,불국사
단성면 호암로701번길 103-199,35.3387220145,127.8863965852,1,성불정사
단성면 백운로51번길 163,35.2889791761,127.8871422239,1,용문사
단성면 지리산대로2700번길 201,35.2551256098,127.9200492522,1,금천선원
단성면 호암로 44,35.2739539236,127.9275959364,1,원화정사
단성면 지리산대로 2131-86,35.2720545777,127.8655891391,1,백운사
함양읍 함양로 983-35,35.5082235378,127.7183121345,1,금선사
함양읍 함양남서로 1183,35.5171309826,127.7227836,1,청양사
함양읍 기동길 115,35.5302571819,127.7436536309,1,법화사
함양읍 함양로 822-108,35.4907842613,127.7077321755,1,대운사
함양읍 고운로 560,35.5231677626,127.776540087,1,연화사
함양읍 용평3길 49,35.5174353434,127.7298787614,1,선덕사
함양읍 평촌앞길 31-16,35.5351822416,127.7417185403,1,보현암
함양읍 쟁피길 99-41,35.5400540727,127.7736821068,1,대암사
함양읍 함양로 849,35.4987367376,127.7127437817,1,영선암
함양읍 함양로 179-80,35.4761102818,127.6529264854,1,대명사
함양읍 함양로 485-12,35.4810008568,127.6834665855,1,심선사
함양읍 함양로 179-186,35.4774112205,127.6475545926,1,오불사
마천면 백무동로 174,35.371765565,127.6720844501,1,고불사
마천면 도마앞길 204,35.3864615884,127.6287141399,1,삼불사
마천면 백무동로 263-19,35.3673866576,127.6814658041,1,영통암
마천면 촉동길 7-136,35.4443570185,127.6796432188,1,우리절
마천면 덕전길 103-104,35.3848772601,127.65562673,1,고담사
마천면 촉동길 7-40,35.4442259685,127.6866519262,1,등구사
휴천면 목현옥매로 220,35.4983241653,127.7590909236,1,대성사
휴천면 산두안길 84,35.483850324,127.7637377113,1,도선암
휴천면 대포길 59-24,35.4641300269,127.755196047,1,법화사
휴천면 송전길 524,35.4008922521,127.722497204,1,견불사
휴천면 세동길 131,35.4114306412,127.7328724015,1,문수사
휴천면 송전길 375,35.408804528,127.715023848,1,대련사
휴천면 문상길 155-100,35.4352848148,127.7159528994,1,법화사
휴천면 운서길 153-116,35.422411,127.7426324822,1,적조암
휴천면 견불동길 106-1,35.4245312568,127.7191255236,1,영불암
휴천면 모전길 16-1,35.4099614629,127.7108354762,1,반야정사
휴천면 천왕봉로 2207-1,35.4428216176,127.7381784141,1,극락사
유림면 유평화촌로 132,35.4722037884,127.7784415793,1,영명사
유림면 회동뒷길 115,35.4811588751,127.776635641,1,화정사
지곡면 주곡길 29,35.5613949099,127.7539781494,1,덕혜사
수동면 가성길 68,35.5616672209,127.795445933,1,지장사
안의면 금성길 14,35.629317571,127.8110644597,1,법인사
안의면 금성길 34-72,35.6320102215,127.8072471469,1,변조암
안의면 안심길 23,35.6529627617,127.8022311125,1,심원사
안의면 뒷밭길 24,35.6385349167,127.7894162259,1,황대선원
안의면 용추휴양림길 166,35.6961313372,127.7578618559,1,마하사
안의면 장자벌길 51,35.6801822647,127.7647472135,1,청량사
서하면 함양남서로 3853,35.640785206,127.6895131611,1,화림사
백전면 백운산길 85-1,35.6106101747,127.6560704386,1,화과원
백전면 백운로 9-73,35.5723225432,127.6396164504,1,남산사
백전면 백운산길 85,35.5980868613,127.6495690293,1,백운암
백전면 오천로 272,35.5107268917,127.6437155775,1,법장사
백전면 서백길 20-40,35.5655046058,127.632737787,1,무량사
백전면 백운산길 3-292,35.6031758233,127.6407473929,1,묵계암
백전면 백운로 198-34,35.5726170958,127.6546232795,1,대경사
병곡면 원산지소길 124-64,35.5772949145,127.6838428433,1,무설정사
병곡면 송호서원길 15,35.5319402631,127.6784656656,1,대안사
가북면 감월길 867-32,35.7752841253,128.0322828951,1,감월암
가북면 용암2길 54,35.8165048223,128.0484959524,1,용암선원
고제면 빼재로 1687,35.8360212369,127.8486172819,1,달마사
남상면 진목1길 274-48,35.5974318676,127.8596168481,1,보현사
북상면 산수병곡길 186-48,35.7808759619,127.7703258294,1,성불사
북상면 황점길 7-18,35.77110055,127.7188840114,1,옥천사
합천읍 동서로 6-7,35.5681838741,128.1535096904,1,용흥사
합천읍 두상로 169,35.6305586361,128.1254482019,1,화엄사
합천읍 금양1길 19,35.5929179693,128.1740403679,1,무상정사
합천읍 충효로4길 13,35.5665232316,128.1597109757,1,입정신인당
합천읍 인덕로 1707-37,35.6154832783,128.1170391689,1,금강선원
합천읍 신소양2길 27,35.5815361871,128.163511549,1,관음사
합천읍 남정1길 7,35.5644498748,128.1575696507,1,원불교
합천읍 인곡3길 159,35.6143066898,128.091974064,1,대해사
봉산면 압곡1길 53-10,35.6388087127,128.0485130953,1,봉산사
묘산면 산제길 99,35.66424509,128.1023416505,1,관수사
묘산면 광산봉곡길 16-7,35.6477983811,128.1234025346,1,통천사
묘산면 산제길 108-13,35.6656463714,128.1012135697,1,정법사
가야면 해인사길 122,35.8016570791,128.0981440429,1,백련암
가야면 해인사길 122,35.8016570791,128.0981440429,1,지족암
가야면 해인사길 122,35.8016570791,128.0981440429,1,홍제암
가야면 해인사길 122,35.8016570791,128.0981440429,1,원당암
가야면 해인사길 122,35.8016570791,128.0981440429,1,길상암
가야면 해인사길 122,35.8016570791,128.0981440429,1,약수암
가야면 해인사길 122,35.8016570791,128.0981440429,1,삼선암
가야면 해인사길 122,35.8016570791,128.0981440429,1,금선암
가야면 해인사길 122,35.8016570791,128.0981440429,1,보현암
가야면 해인사길 122,35.8016570791,128.0981440429,1,금강굴
가야면 해인사길 122,35.8016570791,128.0981440429,1,국일암
가야면 해인사길 122,35.8016570791,128.0981440429,1,고운암
가야면 해인사길 122,35.8016570791,128.0981440429,1,용탐선원
가야면 해인사길 122,35.8016570791,128.0981440429,1,문수암
가야면 해인사길 122,35.8016570791,128.0981440429,1,희랑대
가야면 청량동길 144,35.7719241357,128.1094780202,1,청량사
가야면 치인5길 194,35.8024619422,128.0517740247,1,고불암
가야면 죽전길 132,35.7586472604,128.0743256043,1,희현암
야로면 창동청계길 272-63,35.7069100881,128.1999600149,1,청계사
야로면 미숭산로 325-15,35.7277751669,128.189885628,1,미숭사
야로면 영서로 2678-83,35.6779255831,128.1711646287,1,법륜사
야로면 매촌2길 45-27,35.7260226401,128.1665030792,1,법륜사
야로면 매촌2길 67-6,35.7255975913,128.1685128843,1,백련사
율곡면 낙민2길 119,35.5696009919,128.2313820614,1,월산사
율곡면 매실길 94-8,35.5846149355,128.2346499414,1,광명사
율곡면 와리2길 29-1,35.6368519345,128.2068760516,1,천암사
율곡면 대야로 1463,35.6082014009,128.1919050956,1,약사암
율곡면 노양2길 59-14,35.6267176351,128.1873093137,1,천광사
초계면 정곡길 37,35.5206705106,128.2490296301,1,보타사
초계면 초계중앙로 117-14,35.5574640368,128.273905909,1,관음사
쌍책면 상신2길 85-12,35.6399941579,128.2462618119,1,대원사
쌍책면 진정1길 148-23,35.5939884621,128.2939069259,1,칠성암
쌍책면 덕봉1길 314-23,35.6119448392,128.2841574162,1,백현사
덕곡면 율지2길 19-14,35.6148338929,128.360871735,1,도선사
청덕면 정동길 213-194,35.5218294751,128.3044031961,1,청정사
청덕면 의합대로 2806,35.5161993616,128.3564426342,1,삼학사
청덕면 정산길 28-19,35.6024490893,128.3151511041,1,보현사
적중면 명곡2길 3-148,35.5197604825,128.2766294515,1,미타산 상홍사
적중면 적중로 68-118,35.5497578761,128.2697481735,1,감로사
대양면 신거길 42-8,35.5007390836,128.1720445432,1,서광사
대양면 초막길 1-5,35.5220855795,128.1833914531,1,길상암
대양면 무곡길 331,35.5286126429,128.2016380523,1,보원사
대양면 대야로 101,35.5043262968,128.1691673386,1,구곡사
대양면 상촌길 135-23,35.5042033426,128.2165183275,1,약수암
대양면 도리길 32,35.5010701748,128.1576453263,1,금적사
대양면 정양1길 7-10,35.5399361102,128.1670793867,1,법계사
대양면 대야로 386-33,35.5271369461,128.1727544321,1,대성사
대양면 무곡길 276,35.5264226093,128.198515532,1,관음사
대양면 도리길 56-7,35.5009730579,128.1558461574,1,유리광사
쌍백면 쌍백중앙로 84-9,35.4432559519,128.147171069,1,백흥사
쌍백면 운곡백역길 407-8,35.4795085135,128.1225107347,1,안양암
쌍백면 하신술곡길 99-6,35.4591752564,128.1284463195,1,용화사
쌍백면 안계1길 63-137,35.4282079945,128.1870493265,1,금정암
삼가면 봉두길 39,35.4120172567,128.1329304625,1,봉두사
삼가면 금리4길 35-17,35.4159016529,128.1228711869,1,성불사
삼가면 소오1길 42,35.4099956181,128.116713812,1,오봉사
삼가면 서부로 390-1,35.4117539583,128.0873836719,1,옥천성사
삼가면 신평3길 15-10,35.3874245356,128.1145979767,1,옥천사
삼가면 동리4길 7-25,35.4182436833,128.1474056135,1,보림사
삼가면 하판2길 5-5,35.4273144538,128.1150114663,1,청운사
삼가면 학동길 48-9,35.4075032959,128.096476081,1,학리사
삼가면 동리외초길 105-1,35.4202516877,128.1456501078,1,성불암
가회면 황매산로 637-136,35.4750378533,128.0040695427,1,영암사
가회면 대기2길 6-170,35.4631291345,127.9927597839,1,묵방사
가회면 대기2길 43,35.4634148087,127.9987497424,1,문수암
가회면 황매산로 70-7,35.4363987333,128.0319534479,1,법륜사
가회면 황매산공원길 62-1,35.4852987733,128.0033106647,1,법연사
가회면 황매산로 464-22,35.461065379,128.0085587923,1,용수사
가회면 오도2길 7,35.4505653978,128.0229768762,1,제석사
가회면 황매산로 637-61,35.4733263148,127.9999812287,1,황룡사
가회면 황매산로 637-31,35.4719441776,128.0020292167,1,동빙무사
대병면 장단3길 42-37,35.5019941559,128.0485635998,1,청강사
대병면 서부로 2551-20,35.5456231392,128.0005474599,1,무학사
대병면 신성동길 53-66,35.5177322231,128.0079421313,1,보림사
대병면 이정동길 10-35,35.5370536454,127.9856719418,1,약천사
대병면 합천호수로 584-14,35.5392619381,128.0572003882,1,용문사
대병면 대병3산로 497-13,35.5236117931,128.0341079624,1,대원사
대병면 성리4길 144-2,35.530228714,128.0673968063,1,황룡선원
용주면 합천호수로 793,35.5497431152,128.0773318937,1,선제암
용주면 연촌우곡길 130-110,35.5777240285,128.1108234267,1,약사암
용주면 고품부흥2길 43-26,35.5543692021,128.1049090819,1,영도사
용주면 공암1길 8-1,35.5016659449,128.1022461122,1,칠불정사
용주면 성산길 106,35.5449572956,128.1484378845,1,용주사
용주면 봉기길 143-19,35.5582636315,128.0801698821,1,다송사
용주면 방곡1길 94-11,35.5820900111,128.1010698923,1,보리정사
용주면 우곡계성길 133,35.5671439249,128.0763473739,1,성룡사
일운면 망양1길 20,34.8160409829,128.6698132356,1,양지암
일운면 지세포3길 98,34.8245446904,128.6935875617,1,영은사
동부면 동부로6길 49-19,34.8127076674,128.6096762569,1,백련암
동부면 거제중앙로 133-14,34.7775107418,128.6331368303,1,봉곡사
동부면 오송8길 17,34.8205318977,128.5938868806,1,대원사
동부면 오송4길 51-2,34.8003960306,128.5892624213,1,성불암
동부면 율포3길 85-2,34.7819737998,128.6034851781,1,장수암
거제면 동상명진길 63-23,34.8493394357,128.6009389191,1,거광사
거제면 동상명진길 302,34.8448744836,128.6222181298,1,안양암
거제면 동상명진길 63-23,34.8493394357,128.6009389191,1,내원사
거제면 내간2길 140,34.8559349692,128.5575526233,1,벽수암
둔덕면 상둔5길 20-10,34.8684034473,128.5412400211,1,정인사
둔덕면 거림2길 158,34.8633724417,128.5011099038,1,무이사
둔덕면 산방산길 197,34.8576144832,128.5315454562,1,보현사
둔덕면 거림1길 35-35,34.8539718106,128.5070353535,1,정포암
둔덕면 시목1길 25-37,34.8679834927,128.5136615634,1,천인사
사등면 언양로 424,34.8924647168,128.5451188362,1,성불사
사등면 지석1길 21-56,34.908750886,128.5220058832,1,명성암
사등면 오량2길 108,34.8816613836,128.5033515361,1,신광사
사등면 거제남서로 5383,34.8849029269,128.4812664841,1,대덕사
사등면 가조로10길 20,34.9638275552,128.532723837,1,금룡정사
연초면 연하해안로 892-11,34.940244596,128.6004757039,1,해인정사
연초면 연사4길 81,34.9135613921,128.6418107339,1,대비정사
연초면 죽서길 30,34.9187388425,128.653312297,1,바름정사
연초면 죽동길 6-30,34.9162883768,128.6573286079,1,송죽암
연초면 다공3길 83-15,34.9317911661,128.6440067984,1,불곡사
연초면 다공4길 67,34.9313730845,128.6588746561,1,봉환사
연초면 송정이목로 42,34.917937916,128.6747805722,1,효불사
하청면 연하해안로 1014,34.9493255009,128.5994646709,1,금수사
하청면 신동길 20,34.954675106,128.6474939911,1,해룡사
두모길 56,34.8739882813,128.7195081083,1,대연사
마전1길 89-13,34.8526051733,128.7269001015,1,약수암
아주로 77-13,34.8648862294,128.6847704247,1,천태종 장흥사
아양길 16-14,34.8634478852,128.6980961788,1,옥련사
옥포대첩로 86-7,34.8939255797,128.6975585369,1,보광사
수양2길 33-5,34.8906317901,128.6540643217,1,금강사
양정3길 74,34.8695842778,128.6599268498,1,칠보사
계룡로7길 24,34.8777213049,128.6201690172,1,계룡사
장목면 옥포대첩로 952,34.9450871481,128.7176374554,1,관음사
남부면 거제대로 61,34.7324008845,128.6191576268,1,관음사
남부면 다대2길 78-33,34.7426718263,128.6359771602,1,대성사
남부면 해금강3길 43,34.7347325775,128.6746811461,1,서자암
남부면 대포전망길 21-20,34.7106431692,128.5930678156,1,용궁사
문동폭포길 12-31,34.8531655464,128.6528073969,1,용주사
